file,image_stamp,tf_stamp,tf_source,x,y,z,qx,qy,qz,qw,yaw_deg
img_0000.png,1791396910.769,1791396910.769,image_stamp,0.0409,-0.0043,-0.0680,0.00000,0.00000,0.00287,1.00000,0.33
img_0001.png,1791396937.263,1791396937.263,image_stamp,0.1221,0.0256,-0.0680,0.00000,0.00000,0.02387,0.99972,2.74
img_0002.png,1791397004.257,1791397004.257,image_stamp,0.2368,-0.2368,-0.0680,0.00000,0.00000,0.23220,0.97267,26.85
img_0003.png,1791397018.185,1791397018.185,image_stamp,0.3667,-0.2889,-0.0680,0.00000,0.00000,0.25463,0.96704,29.50
img_0004.png,1791397050.052,1791397050.052,image_stamp,0.3941,-0.5617,-0.0680,0.00000,0.00000,0.46064,0.88759,54.86
img_0005.png,1791397065.711,1791397065.711,image_stamp,0.4962,-0.5056,-0.0680,0.00000,0.00000,0.40880,0.91262,48.26
img_0006.png,1791397082.380,1791397082.380,image_stamp,0.5948,-0.5949,-0.0680,0.00000,0.00000,0.51502,0.85718,62.00
img_0007.png,1791397096.003,1791397096.003,image_stamp,0.7408,-0.5808,-0.0680,0.00000,0.00000,0.72316,0.69068,92.63
img_0008.png,1791397125.047,1791397125.047,image_stamp,0.8499,-0.6809,-0.0680,0.00000,0.00000,0.80466,0.59373,107.16
img_0009.png,1791397134.914,1791397134.914,image_stamp,0.9329,-0.5847,-0.0680,0.00000,0.00000,0.79059,0.61235,104.48
img_0010.png,1791397166.329,1791397166.329,image_stamp,1.1215,-0.5105,-0.0680,0.00000,0.00000,0.87590,0.48249,122.30
img_0011.png,1791397183.666,1791397183.666,image_stamp,1.2528,-0.5039,-0.0680,0.00000,0.00000,0.89946,0.43701,128.17
img_0012.png,1791397226.283,1791397226.283,image_stamp,1.4252,-0.3661,-0.0680,0.00000,0.00000,0.96201,0.27302,148.31
img_0013.png,1791397253.922,1791397253.922,image_stamp,1.4363,-0.2291,-0.0680,0.00000,0.00000,0.99943,0.03389,176.12
img_0014.png,1791397272.383,1791397272.383,image_stamp,1.4498,-0.1015,-0.0680,0.00000,0.00000,0.99940,-0.03474,-176.02
img_0015.png,1791397289.377,1791397289.377,image_stamp,1.3317,-0.0169,-0.0680,0.00000,0.00000,0.99246,0.12259,165.92
img_0016.png,1791397335.147,1791397335.147,image_stamp,1.4850,0.0424,-0.0680,0.00000,0.00000,0.99883,-0.04827,-174.47
img_0017.png,1791397359.427,1791397359.427,image_stamp,1.3461,0.1719,-0.0680,0.00000,0.00000,0.99314,-0.11690,-166.57
img_0018.png,1791397398.794,1791397398.794,image_stamp,1.3563,0.4467,-0.0680,0.00000,0.00000,0.93543,-0.35351,-138.60
img_0019.png,1791397418.250,1791397418.250,image_stamp,1.0023,0.4328,-0.0680,0.00000,0.00000,-0.80489,0.59342,-107.20
img_0020.png,1791397455.678,1791397455.678,image_stamp,1.0664,0.4563,-0.0680,0.00000,0.00000,0.89355,-0.44897,-126.64
img_0021.png,1791397488.274,1791397488.274,image_stamp,0.8822,0.6056,-0.0680,0.00000,0.00000,-0.81759,0.57580,-109.69
img_0022.png,1791397508.932,1791397508.932,image_stamp,0.6703,0.5903,-0.0680,0.00000,0.00000,-0.72949,0.68399,-93.69
img_0023.png,1791397532.897,1791397532.897,image_stamp,0.5006,0.6622,-0.0680,0.00000,0.00000,-0.59605,0.80295,-73.18
img_0024.png,1791397552.454,1791397552.454,image_stamp,0.3576,0.5279,-0.0680,0.00000,0.00000,-0.55679,0.83065,-67.67
img_0025.png,1791397567.068,1791397567.068,image_stamp,0.1571,0.4272,-0.0680,0.00000,0.00000,-0.43471,0.90057,-51.53
img_0026.png,1791397582.619,1791397582.619,image_stamp,0.0496,0.2600,-0.0680,0.00000,0.00000,-0.23874,0.97108,-27.62
